{"learning_rate": 3.374767181868894e-06, "ent_coef": 0.016448000410610262, "batch_size": 128, "n_steps": 2048}